timestamp,cpu_usage
2024-10-06 10:48:32.832099,33.46467883746062
2024-10-06 11:48:32.832099,36.62975057210525
2024-10-06 12:48:32.832099,33.59797318057558
2024-10-06 13:48:32.832099,26.471272149977022
2024-10-06 14:48:32.832099,45.68928655706462
2024-10-06 15:48:32.832099,33.0702615687728
2024-10-06 16:48:32.832099,31.912519749698472
2024-10-06 17:48:32.832099,38.036136449528975
2024-10-06 18:48:32.832099,24.952174770310613
2024-10-06 19:48:32.832099,22.2929976307059
2024-10-06 20:48:32.832099,27.90922008155504
2024-10-06 21:48:32.832099,31.561964876145275
2024-10-06 22:48:32.832099,43.04119873680054
2024-10-06 23:48:32.832099,34.208789085637655
2024-10-07 00:48:32.832099,39.989109368426654
2024-10-07 01:48:32.832099,39.52375233021866
2024-10-07 02:48:32.832099,35.343125662898366
2024-10-07 03:48:32.832099,36.660508152569314
2024-10-07 04:48:32.832099,30.729433409484223
2024-10-07 05:48:32.832099,35.11862380656286
2024-10-07 06:48:32.832099,40.89976627810509
2024-10-07 07:48:32.832099,43.896522563726926
2024-10-07 08:48:32.832099,29.449188746210336
2024-10-07 09:48:32.832099,34.626535613113205
2024-10-07 10:48:32.832099,36.64493491043816
2024-10-07 11:48:32.832099,43.29266331007106
2024-10-07 12:48:32.832099,40.931154341646305
2024-10-07 13:48:32.832099,24.37571809178289
2024-10-07 14:48:32.832099,40.67433608504914
2024-10-07 15:48:32.832099,40.92476735646291
2024-10-07 16:48:32.832099,42.87553017978218
2024-10-07 17:48:32.832099,39.92104073028024
2024-10-07 18:48:32.832099,33.19380910537254
2024-10-07 19:48:32.832099,40.80620375318123
2024-10-07 20:48:32.832099,36.30262628759858
2024-10-07 21:48:32.832099,37.909727673413
2024-10-07 22:48:32.832099,39.54941489725029
2024-10-07 23:48:32.832099,41.59012683846074
2024-10-08 00:48:32.832099,31.233108149623625
2024-10-08 01:48:32.832099,35.882919499015195
2024-10-08 02:48:32.832099,36.482860054808675
2024-10-08 03:48:32.832099,42.18176418025373
2024-10-08 04:48:32.832099,30.173872526062112
2024-10-08 05:48:32.832099,48.660067790007986
2024-10-08 06:48:32.832099,37.85401193784185
2024-10-08 07:48:32.832099,37.07520583811178
2024-10-08 08:48:32.832099,40.32593229850212
2024-10-08 09:48:32.832099,35.62049141741787
2024-10-08 10:48:32.832099,39.481628097194196
2024-10-08 11:48:32.832099,41.86881314625296
2024-10-08 12:48:32.832099,47.83286585752909
2024-10-08 13:48:32.832099,40.15584585567115
2024-10-08 14:48:32.832099,49.24953373032729
2024-10-08 15:48:32.832099,39.662510910434655
2024-10-08 16:48:32.832099,55.733755148245606
2024-10-08 17:48:32.832099,41.96256935120172
2024-10-08 18:48:32.832099,45.47749090982267
2024-10-08 19:48:32.832099,52.14374068960101
2024-10-08 20:48:32.832099,50.578577358833705
2024-10-08 21:48:32.832099,28.494982311653786
2024-10-08 22:48:32.832099,39.5084883942295
2024-10-08 23:48:32.832099,37.03850844175903
2024-10-09 00:48:32.832099,48.50192306845818
2024-10-09 01:48:32.832099,35.36321400876763
2024-10-09 02:48:32.832099,44.148214596980225
2024-10-09 03:48:32.832099,42.22133836467958
2024-10-09 04:48:32.832099,47.180533174817164
2024-10-09 05:48:32.832099,50.55053845653843
2024-10-09 06:48:32.832099,42.33743688209653
2024-10-09 07:48:32.832099,42.92940766585297
2024-10-09 08:48:32.832099,44.918648110793896
2024-10-09 09:48:32.832099,53.654393654278906
2024-10-09 10:48:32.832099,40.440300793736554
2024-10-09 11:48:32.832099,46.80177322957628
2024-10-09 12:48:32.832099,51.87549565385125
2024-10-09 13:48:32.832099,42.805624168295154
2024-10-09 14:48:32.832099,52.39136375734257
2024-10-09 15:48:32.832099,44.71409577779675
2024-10-09 16:48:32.832099,51.44234851660572
2024-10-09 17:48:32.832099,51.48122997585613
2024-10-09 18:48:32.832099,56.29544141378665
2024-10-09 19:48:32.832099,40.855146192549284
2024-10-09 20:48:32.832099,46.21214687031517
2024-10-09 21:48:32.832099,50.97985731543298
2024-10-09 22:48:32.832099,54.848290480981994
2024-10-09 23:48:32.832099,57.66077629543937
2024-10-10 00:48:32.832099,47.06927785909469
2024-10-10 01:48:32.832099,39.89061993213937
2024-10-10 02:48:32.832099,45.09450020414949
2024-10-10 03:48:32.832099,58.61075711343572
2024-10-10 04:48:32.832099,44.947665295154366
2024-10-10 05:48:32.832099,49.9317734240155
2024-10-10 06:48:32.832099,40.16764515296175
2024-10-10 07:48:32.832099,49.25877180908642
2024-10-10 08:48:32.832099,54.5564688084159
2024-10-10 09:48:32.832099,50.41419226838677
2024-10-10 10:48:32.832099,48.99714606441286
2024-10-10 11:48:32.832099,51.7570581632413
2024-10-10 12:48:32.832099,51.924990621631956
2024-10-10 13:48:32.832099,50.690942920633695
2024-10-10 14:48:32.832099,56.012709305648755
2024-10-10 15:48:32.832099,49.916999090210986
2024-10-10 16:48:32.832099,50.80519528790746
2024-10-10 17:48:32.832099,45.38129217378139
2024-10-10 18:48:32.832099,57.08837655448838
2024-10-10 19:48:32.832099,46.12211942432637
2024-10-10 20:48:32.832099,60.43193964151761
2024-10-10 21:48:32.832099,49.883447848965176
2024-10-10 22:48:32.832099,47.75082108724106
2024-10-10 23:48:32.832099,57.653403105847545
2024-10-11 00:48:32.832099,48.58275171312797
2024-10-11 01:48:32.832099,54.85071023428826
2024-10-11 02:48:32.832099,50.24299508472287
2024-10-11 03:48:32.832099,50.12102212608097
2024-10-11 04:48:32.832099,47.41645389317248
2024-10-11 05:48:32.832099,53.1840253383927
2024-10-11 06:48:32.832099,49.76582168977354
2024-10-11 07:48:32.832099,48.57033092316303
2024-10-11 08:48:32.832099,52.96452035993266
2024-10-11 09:48:32.832099,53.89710971339422
2024-10-11 10:48:32.832099,54.30248448424526
2024-10-11 11:48:32.832099,53.82073814332
2024-10-11 12:48:32.832099,44.277845219626116
2024-10-11 13:48:32.832099,53.097317459638035
2024-10-11 14:48:32.832099,62.0036374475297
2024-10-11 15:48:32.832099,50.83795451088162
2024-10-11 16:48:32.832099,55.80839767566562
2024-10-11 17:48:32.832099,46.64868514637436
2024-10-11 18:48:32.832099,49.572856069620904
2024-10-11 19:48:32.832099,46.45891727226091
2024-10-11 20:48:32.832099,57.010270142569674
2024-10-11 21:48:32.832099,55.49860967035142
2024-10-11 22:48:32.832099,53.63375278420355
2024-10-11 23:48:32.832099,45.870808203527105
2024-10-12 00:48:32.832099,57.01934499701289
2024-10-12 01:48:32.832099,55.18703166632077
2024-10-12 02:48:32.832099,48.42722136151572
2024-10-12 03:48:32.832099,50.15842873389917
2024-10-12 04:48:32.832099,54.416440123259065
2024-10-12 05:48:32.832099,49.71062315274152
2024-10-12 06:48:32.832099,63.71306927121816
2024-10-12 07:48:32.832099,51.41074230466732
2024-10-12 08:48:32.832099,45.07894582733873
2024-10-12 09:48:32.832099,40.64792232307907
2024-10-12 10:48:32.832099,53.61053160884929
2024-10-12 11:48:32.832099,53.65160159996983
2024-10-12 12:48:32.832099,56.195577801730686
2024-10-12 13:48:32.832099,60.94472538894241
2024-10-12 14:48:32.832099,55.01706983882998
2024-10-12 15:48:32.832099,41.31196613324698
2024-10-12 16:48:32.832099,41.34932729672773
2024-10-12 17:48:32.832099,61.04745665519738
2024-10-12 18:48:32.832099,50.88288114873654
2024-10-12 19:48:32.832099,48.522781913182925
2024-10-12 20:48:32.832099,52.037119168857366
2024-10-12 21:48:32.832099,48.906365016880976
2024-10-12 22:48:32.832099,50.682579517835045
2024-10-12 23:48:32.832099,43.88839059359131
2024-10-13 00:48:32.832099,52.958431195122174
2024-10-13 01:48:32.832099,55.085793400440664
2024-10-13 02:48:32.832099,54.67879304449928
2024-10-13 03:48:32.832099,40.73507206643639
2024-10-13 04:48:32.832099,53.27719742330178
2024-10-13 05:48:32.832099,48.34921041516558
2024-10-13 06:48:32.832099,47.04112432842406
2024-10-13 07:48:32.832099,54.738870952053055
2024-10-13 08:48:32.832099,37.784285741465226
2024-10-13 09:48:32.832099,58.44989633494779
2024-10-13 10:48:32.832099,46.79390482502795
2024-10-13 11:48:32.832099,46.01047054704168
2024-10-13 12:48:32.832099,51.48045014708258
2024-10-13 13:48:32.832099,50.5200135058448
2024-10-13 14:48:32.832099,47.588078917928705
2024-10-13 15:48:32.832099,47.18961711884013
2024-10-13 16:48:32.832099,50.049080688123624
2024-10-13 17:48:32.832099,53.06776396638479
2024-10-13 18:48:32.832099,60.09258324054335
2024-10-13 19:48:32.832099,54.14621097010505
2024-10-13 20:48:32.832099,48.70690936046575
2024-10-13 21:48:32.832099,49.95784722884644
2024-10-13 22:48:32.832099,55.31802001817373
2024-10-13 23:48:32.832099,44.23589390573063
2024-10-14 00:48:32.832099,48.757467509946636
2024-10-14 01:48:32.832099,46.260777519246126
2024-10-14 02:48:32.832099,44.523593847807
2024-10-14 03:48:32.832099,49.07100467650612
2024-10-14 04:48:32.832099,47.20572854066205
2024-10-14 05:48:32.832099,44.42791180702924
2024-10-14 06:48:32.832099,44.80047152579734
2024-10-14 07:48:32.832099,50.461556367092825
2024-10-14 08:48:32.832099,56.69007505522498
2024-10-14 09:48:32.832099,37.87227513927333
2024-10-14 10:48:32.832099,45.816817269481774
2024-10-14 11:48:32.832099,38.25779777521029
2024-10-14 12:48:32.832099,40.220170141946895
2024-10-14 13:48:32.832099,44.105198470353926
2024-10-14 14:48:32.832099,41.42310236391503
2024-10-14 15:48:32.832099,40.6665170572068
2024-10-14 16:48:32.832099,47.279545299136075
2024-10-14 17:48:32.832099,51.07920067825556
2024-10-14 18:48:32.832099,46.832124311649345
2024-10-14 19:48:32.832099,49.479063768847446
2024-10-14 20:48:32.832099,43.66924215643898
2024-10-14 21:48:32.832099,48.54206236967674
2024-10-14 22:48:32.832099,52.51128119484228
2024-10-14 23:48:32.832099,41.97488349840809
2024-10-15 00:48:32.832099,46.188042683210654
2024-10-15 01:48:32.832099,41.37942909261185
2024-10-15 02:48:32.832099,51.39757758109835
2024-10-15 03:48:32.832099,45.69232465692094
2024-10-15 04:48:32.832099,45.33927147270691
2024-10-15 05:48:32.832099,39.15105859255173
2024-10-15 06:48:32.832099,37.20354590984596
2024-10-15 07:48:32.832099,37.07388251072312
2024-10-15 08:48:32.832099,38.06935672129574
2024-10-15 09:48:32.832099,42.38276131705081
2024-10-15 10:48:32.832099,35.38263799714964
2024-10-15 11:48:32.832099,46.62517208293071
2024-10-15 12:48:32.832099,39.28027364211241
2024-10-15 13:48:32.832099,44.61657073022676
2024-10-15 14:48:32.832099,29.82743393520034
2024-10-15 15:48:32.832099,39.218908443346116
2024-10-15 16:48:32.832099,30.497428214231586
2024-10-15 17:48:32.832099,47.744984745451035
2024-10-15 18:48:32.832099,48.480426567096906
2024-10-15 19:48:32.832099,46.53389042044299
2024-10-15 20:48:32.832099,44.16995807225766
2024-10-15 21:48:32.832099,41.9461414935751
2024-10-15 22:48:32.832099,44.42633571476328
2024-10-15 23:48:32.832099,39.364650452837814
2024-10-16 00:48:32.832099,37.2638898755381
2024-10-16 01:48:32.832099,44.422567757503884
2024-10-16 02:48:32.832099,42.77673668849441
2024-10-16 03:48:32.832099,36.29822895923316
2024-10-16 04:48:32.832099,32.219105698833175
2024-10-16 05:48:32.832099,42.315114103692906
2024-10-16 06:48:32.832099,40.856614315449455
2024-10-16 07:48:32.832099,41.897018070278406
2024-10-16 08:48:32.832099,32.165293086775876
2024-10-16 09:48:32.832099,38.58358554452134
2024-10-16 10:48:32.832099,40.20498694545882
2024-10-16 11:48:32.832099,42.7616593914357
2024-10-16 12:48:32.832099,27.19389926248695
2024-10-16 13:48:32.832099,49.76228813305264
2024-10-16 14:48:32.832099,35.49296535110352
2024-10-16 15:48:32.832099,39.2026139082448
2024-10-16 16:48:32.832099,38.90967799700861
2024-10-16 17:48:32.832099,27.706429323301514
2024-10-16 18:48:32.832099,32.275321734039245
2024-10-16 19:48:32.832099,31.357263381956756
2024-10-16 20:48:32.832099,29.15093620627374
2024-10-16 21:48:32.832099,34.21125993038996
2024-10-16 22:48:32.832099,28.50458412665263
2024-10-16 23:48:32.832099,35.362775683347195
2024-10-17 00:48:32.832099,34.59757510886583
2024-10-17 01:48:32.832099,27.965048201160297
2024-10-17 02:48:32.832099,37.22487928370474
2024-10-17 03:48:32.832099,35.04689345939756
2024-10-17 04:48:32.832099,38.97922315833037
2024-10-17 05:48:32.832099,27.09314304475251
2024-10-17 06:48:32.832099,36.58805703499572
2024-10-17 07:48:32.832099,28.02690372012394
2024-10-17 08:48:32.832099,25.239740116193474
2024-10-17 09:48:32.832099,30.087798566308987
2024-10-17 10:48:32.832099,25.03565643833619
2024-10-17 11:48:32.832099,32.4442140458209
2024-10-17 12:48:32.832099,28.432552154640824
2024-10-17 13:48:32.832099,38.58420955365994
2024-10-17 14:48:32.832099,42.96737737376995
2024-10-17 15:48:32.832099,39.20912359728776
2024-10-17 16:48:32.832099,29.316784068270124
2024-10-17 17:48:32.832099,26.14186387239971
2024-10-17 18:48:32.832099,27.762554915270144
2024-10-17 19:48:32.832099,25.073237612472944
2024-10-17 20:48:32.832099,36.82296220256142
2024-10-17 21:48:32.832099,37.4260187769583
2024-10-17 22:48:32.832099,28.257389500909287
2024-10-17 23:48:32.832099,25.555107800917064
2024-10-18 00:48:32.832099,26.671290045565712
2024-10-18 01:48:32.832099,19.620555582786455
2024-10-18 02:48:32.832099,23.76810758708392
2024-10-18 03:48:32.832099,36.24388539841358
2024-10-18 04:48:32.832099,35.15635421285712
2024-10-18 05:48:32.832099,31.50152444904196
2024-10-18 06:48:32.832099,32.35001019087414
2024-10-18 07:48:32.832099,29.172884282704622
2024-10-18 08:48:32.832099,22.078958367698085
2024-10-18 09:48:32.832099,32.09763548071193
2024-10-18 10:48:32.832099,25.216191453082715
2024-10-18 11:48:32.832099,21.903211641066846
2024-10-18 12:48:32.832099,20.173490921760184
2024-10-18 13:48:32.832099,29.25764561342318
2024-10-18 14:48:32.832099,17.048749637367827
2024-10-18 15:48:32.832099,23.284598326516036
2024-10-18 16:48:32.832099,20.22853534444124
2024-10-18 17:48:32.832099,28.280505136585376
2024-10-18 18:48:32.832099,24.27966755921951
2024-10-18 19:48:32.832099,23.710921378961576
2024-10-18 20:48:32.832099,27.248703556170177
2024-10-18 21:48:32.832099,23.65117247153022
2024-10-18 22:48:32.832099,18.895938084506586
2024-10-18 23:48:32.832099,18.781168538112038
2024-10-19 00:48:32.832099,22.48279036820684
2024-10-19 01:48:32.832099,21.921135950073797
2024-10-19 02:48:32.832099,18.942327032393692
2024-10-19 03:48:32.832099,19.338955257291303
2024-10-19 04:48:32.832099,16.815967615262288
2024-10-19 05:48:32.832099,22.870535381318884
2024-10-19 06:48:32.832099,20.959917619097915
2024-10-19 07:48:32.832099,18.2572267990354
2024-10-19 08:48:32.832099,11.26117093321131
2024-10-19 09:48:32.832099,20.32899059139065
2024-10-19 10:48:32.832099,18.94216677085778
2024-10-19 11:48:32.832099,15.743393465490179
2024-10-19 12:48:32.832099,25.8579361764004
2024-10-19 13:48:32.832099,19.048564504576145
2024-10-19 14:48:32.832099,25.57791811204386
2024-10-19 15:48:32.832099,7.75618598749131
2024-10-19 16:48:32.832099,21.20696700791415
2024-10-19 17:48:32.832099,22.538224472781884
2024-10-19 18:48:32.832099,15.987116959944252
2024-10-19 19:48:32.832099,21.79981773723556
2024-10-19 20:48:32.832099,23.708837155029798
2024-10-19 21:48:32.832099,14.18172852711417
2024-10-19 22:48:32.832099,23.0466128234701
2024-10-19 23:48:32.832099,23.38270100722402
2024-10-20 00:48:32.832099,17.88642096202421
2024-10-20 01:48:32.832099,25.890812480479017
2024-10-20 02:48:32.832099,25.752246316343456
2024-10-20 03:48:32.832099,20.77745443969285
2024-10-20 04:48:32.832099,21.08366641028659
2024-10-20 05:48:32.832099,20.019900328003256
2024-10-20 06:48:32.832099,19.264469344024956
2024-10-20 07:48:32.832099,20.65116359758338
2024-10-20 08:48:32.832099,18.78550921107443
2024-10-20 09:48:32.832099,23.513652813404022
2024-10-20 10:48:32.832099,18.056932180594558
2024-10-20 11:48:32.832099,18.98701211000252
2024-10-20 12:48:32.832099,14.311258977482472
2024-10-20 13:48:32.832099,26.43009129976101
2024-10-20 14:48:32.832099,13.277298579937925
2024-10-20 15:48:32.832099,14.30712532862928
2024-10-20 16:48:32.832099,24.175915739646165
2024-10-20 17:48:32.832099,16.544518699033176
2024-10-20 18:48:32.832099,24.088853377801676
2024-10-20 19:48:32.832099,26.12511043543021
2024-10-20 20:48:32.832099,26.984977121893838
2024-10-20 21:48:32.832099,16.117263271808483
2024-10-20 22:48:32.832099,24.315691283735
2024-10-20 23:48:32.832099,23.38403938617833
2024-10-21 00:48:32.832099,14.1695991060064
2024-10-21 01:48:32.832099,14.409651101150128
2024-10-21 02:48:32.832099,19.656498807425642
2024-10-21 03:48:32.832099,26.177829610333383
2024-10-21 04:48:32.832099,14.682975025719164
2024-10-21 05:48:32.832099,21.10164958073767
2024-10-21 06:48:32.832099,22.434061130238536
2024-10-21 07:48:32.832099,17.744748718776496
2024-10-21 08:48:32.832099,21.786609440377262
2024-10-21 09:48:32.832099,18.768645636133932
2024-10-21 10:48:32.832099,14.272563077257336
2024-10-21 11:48:32.832099,22.728349006693605
2024-10-21 12:48:32.832099,18.739214000921052
2024-10-21 13:48:32.832099,15.89627335278423
2024-10-21 14:48:32.832099,19.70086512028249
2024-10-21 15:48:32.832099,28.008618942153028
2024-10-21 16:48:32.832099,23.059190928544833
2024-10-21 17:48:32.832099,21.21396689502766
2024-10-21 18:48:32.832099,18.157636035045403
2024-10-21 19:48:32.832099,20.13506059378266
2024-10-21 20:48:32.832099,22.777170706068738
2024-10-21 21:48:32.832099,24.21989514239277
2024-10-21 22:48:32.832099,8.250697696515715
2024-10-21 23:48:32.832099,8.828417535358987
2024-10-22 00:48:32.832099,9.767072589529139
2024-10-22 01:48:32.832099,9.904223470831472
2024-10-22 02:48:32.832099,16.39302530710914
2024-10-22 03:48:32.832099,16.91864207220374
2024-10-22 04:48:32.832099,14.416687596322916
2024-10-22 05:48:32.832099,8.01451841240728
2024-10-22 06:48:32.832099,13.467707425476522
2024-10-22 07:48:32.832099,23.284175050473472
2024-10-22 08:48:32.832099,10.133945583643953
2024-10-22 09:48:32.832099,22.44494925039995
2024-10-22 10:48:32.832099,11.330986881098179
2024-10-22 11:48:32.832099,12.239235591188368
2024-10-22 12:48:32.832099,17.266270923211604
2024-10-22 13:48:32.832099,20.180352162188417
2024-10-22 14:48:32.832099,12.342727430936414
2024-10-22 15:48:32.832099,17.1516125821737
2024-10-22 16:48:32.832099,22.12222380279694
2024-10-22 17:48:32.832099,23.833047924696146
2024-10-22 18:48:32.832099,14.717724324557919
2024-10-22 19:48:32.832099,18.595888683108107
2024-10-22 20:48:32.832099,8.456313496155158
2024-10-22 21:48:32.832099,14.654210635716694
2024-10-22 22:48:32.832099,25.614413263201612
2024-10-22 23:48:32.832099,10.543191869257175
2024-10-23 00:48:32.832099,15.828856286039224
2024-10-23 01:48:32.832099,11.885184643367973
2024-10-23 02:48:32.832099,23.87115271901963
2024-10-23 03:48:32.832099,25.41791694189782
2024-10-23 04:48:32.832099,19.626918567713496
2024-10-23 05:48:32.832099,16.56226809099937
2024-10-23 06:48:32.832099,15.097787832290422
2024-10-23 07:48:32.832099,26.273367781143552
2024-10-23 08:48:32.832099,23.6350772543989
2024-10-23 09:48:32.832099,26.140131368919185
2024-10-23 10:48:32.832099,14.077622211913738
2024-10-23 11:48:32.832099,18.480948505508206
2024-10-23 12:48:32.832099,23.595727586445978
2024-10-23 13:48:32.832099,18.079297880699258
2024-10-23 14:48:32.832099,19.86723393143617
2024-10-23 15:48:32.832099,5.584572566756531
2024-10-23 16:48:32.832099,15.378974349485722
2024-10-23 17:48:32.832099,11.151401036377516
2024-10-23 18:48:32.832099,28.780684445466473
2024-10-23 19:48:32.832099,30.4422855739122
2024-10-23 20:48:32.832099,33.04241063183879
2024-10-23 21:48:32.832099,22.51748728611559
2024-10-23 22:48:32.832099,24.037227858881916
2024-10-23 23:48:32.832099,20.052242662739726
2024-10-24 00:48:32.832099,17.35546473313082
2024-10-24 01:48:32.832099,27.13504054976834
2024-10-24 02:48:32.832099,26.668231660578883
2024-10-24 03:48:32.832099,22.152197049917003
2024-10-24 04:48:32.832099,22.465358459993517
2024-10-24 05:48:32.832099,22.01315798436008
2024-10-24 06:48:32.832099,22.377112266971636
2024-10-24 07:48:32.832099,20.471039685615487
2024-10-24 08:48:32.832099,11.592865922822462
2024-10-24 09:48:32.832099,21.405190522959025
2024-10-24 10:48:32.832099,17.61254848311195
2024-10-24 11:48:32.832099,16.64925814668615
2024-10-24 12:48:32.832099,21.26784992649067
2024-10-24 13:48:32.832099,25.350947250967423
2024-10-24 14:48:32.832099,19.673364255030027
2024-10-24 15:48:32.832099,22.87700285303189
2024-10-24 16:48:32.832099,23.103186682683358
2024-10-24 17:48:32.832099,27.416555415260227
2024-10-24 18:48:32.832099,29.71774890350874
2024-10-24 19:48:32.832099,25.459565153268645
2024-10-24 20:48:32.832099,17.995394511213707
2024-10-24 21:48:32.832099,20.958508984765622
2024-10-24 22:48:32.832099,27.19905454379806
2024-10-24 23:48:32.832099,29.330443544518698
2024-10-25 00:48:32.832099,32.34495436172377
2024-10-25 01:48:32.832099,19.817440464976855
2024-10-25 02:48:32.832099,21.110063474021704
2024-10-25 03:48:32.832099,16.820246900965756
2024-10-25 04:48:32.832099,26.718435833385488
2024-10-25 05:48:32.832099,33.59059844998838
2024-10-25 06:48:32.832099,15.947336956567934
2024-10-25 07:48:32.832099,22.443754202745335
2024-10-25 08:48:32.832099,24.559959296110975
2024-10-25 09:48:32.832099,18.647874355742612
2024-10-25 10:48:32.832099,24.41168397005508
2024-10-25 11:48:32.832099,35.719670565929356
2024-10-25 12:48:32.832099,30.87354981387838
2024-10-25 13:48:32.832099,26.01912956980187
2024-10-25 14:48:32.832099,21.76589865849295
2024-10-25 15:48:32.832099,33.005314588798264
2024-10-25 16:48:32.832099,35.33002923514475
2024-10-25 17:48:32.832099,34.46874443454834
2024-10-25 18:48:32.832099,30.3746490656314
2024-10-25 19:48:32.832099,21.03982138318238
2024-10-25 20:48:32.832099,31.292591954211836
2024-10-25 21:48:32.832099,32.10794998543278
2024-10-25 22:48:32.832099,24.09534034226627
2024-10-25 23:48:32.832099,28.751403984052846
2024-10-26 00:48:32.832099,31.514670675345535
2024-10-26 01:48:32.832099,36.21782787350834
2024-10-26 02:48:32.832099,30.725673484245004
2024-10-26 03:48:32.832099,25.299728500575
2024-10-26 04:48:32.832099,35.56646880510749
2024-10-26 05:48:32.832099,37.99129074222569
2024-10-26 06:48:32.832099,31.922302818442752
2024-10-26 07:48:32.832099,36.03845216903189
2024-10-26 08:48:32.832099,29.08776610628035
2024-10-26 09:48:32.832099,28.45599780185515
2024-10-26 10:48:32.832099,32.197494086117125
2024-10-26 11:48:32.832099,38.79472338314674
2024-10-26 12:48:32.832099,33.686809058776106
2024-10-26 13:48:32.832099,32.955696030269316
2024-10-26 14:48:32.832099,37.199366508591226
2024-10-26 15:48:32.832099,35.02964173799748
2024-10-26 16:48:32.832099,33.29149808648921
2024-10-26 17:48:32.832099,42.3844224085178
2024-10-26 18:48:32.832099,32.907935444863924
2024-10-26 19:48:32.832099,37.13646868323485
2024-10-26 20:48:32.832099,26.625689200035588
2024-10-26 21:48:32.832099,39.6026696023447
2024-10-26 22:48:32.832099,36.21129839508327
2024-10-26 23:48:32.832099,36.37972574151408
2024-10-27 00:48:32.832099,44.45035917496676
2024-10-27 01:48:32.832099,40.70161948006965
2024-10-27 02:48:32.832099,33.84845283499527
2024-10-27 03:48:32.832099,30.023834737116584
2024-10-27 04:48:32.832099,35.29461549015859
2024-10-27 05:48:32.832099,38.31555875734433
2024-10-27 06:48:32.832099,45.99269373628941
2024-10-27 07:48:32.832099,48.59437713785332
2024-10-27 08:48:32.832099,42.02826362945951
2024-10-27 09:48:32.832099,36.687449485406404
2024-10-27 10:48:32.832099,35.668065309992
2024-10-27 11:48:32.832099,41.40669213740058
2024-10-27 12:48:32.832099,38.63214986206153
2024-10-27 13:48:32.832099,46.85153300990467
2024-10-27 14:48:32.832099,40.178762094973955
2024-10-27 15:48:32.832099,39.912495257562824
2024-10-27 16:48:32.832099,39.94778265436406
2024-10-27 17:48:32.832099,36.11793519541642
2024-10-27 18:48:32.832099,42.31714475639447
2024-10-27 19:48:32.832099,41.13760938433882
2024-10-27 20:48:32.832099,33.80859768882161
2024-10-27 21:48:32.832099,42.53395937728852
2024-10-27 22:48:32.832099,48.34743764947808
2024-10-27 23:48:32.832099,44.094406837913745
2024-10-28 00:48:32.832099,62.52955010331338
2024-10-28 01:48:32.832099,36.09986468802155
2024-10-28 02:48:32.832099,36.66952256876686
2024-10-28 03:48:32.832099,46.20091983821348
2024-10-28 04:48:32.832099,37.95192240969419
2024-10-28 05:48:32.832099,39.314760701972084
2024-10-28 06:48:32.832099,42.89846973443261
2024-10-28 07:48:32.832099,44.54005826040432
2024-10-28 08:48:32.832099,43.7031327355127
2024-10-28 09:48:32.832099,54.91974658590868
2024-10-28 10:48:32.832099,49.46035978940076
2024-10-28 11:48:32.832099,52.8149578642883
2024-10-28 12:48:32.832099,37.35805233563446
2024-10-28 13:48:32.832099,46.13995738072777
2024-10-28 14:48:32.832099,47.20127131771925
2024-10-28 15:48:32.832099,43.429319382368874
2024-10-28 16:48:32.832099,45.03726745063638
2024-10-28 17:48:32.832099,42.263637928833575
2024-10-28 18:48:32.832099,50.83625809362504
2024-10-28 19:48:32.832099,42.419064542899434
2024-10-28 20:48:32.832099,54.818514813323596
2024-10-28 21:48:32.832099,49.761859648517394
2024-10-28 22:48:32.832099,43.92505405470885
2024-10-28 23:48:32.832099,46.97348211364505
2024-10-29 00:48:32.832099,53.17837505211973
2024-10-29 01:48:32.832099,43.645621840092744
2024-10-29 02:48:32.832099,50.386132320676275
2024-10-29 03:48:32.832099,49.82810879851558
2024-10-29 04:48:32.832099,43.18258536947281
2024-10-29 05:48:32.832099,49.797340373862184
2024-10-29 06:48:32.832099,39.28001791772904
2024-10-29 07:48:32.832099,42.12643236986918
2024-10-29 08:48:32.832099,49.36927312459931
2024-10-29 09:48:32.832099,39.97319787189453
2024-10-29 10:48:32.832099,48.97962978644409
2024-10-29 11:48:32.832099,52.28354318941213
2024-10-29 12:48:32.832099,51.54054575298518
2024-10-29 13:48:32.832099,53.30128896231285
2024-10-29 14:48:32.832099,50.64095847084342
2024-10-29 15:48:32.832099,53.203344591003464
2024-10-29 16:48:32.832099,42.26062323286488
2024-10-29 17:48:32.832099,50.97664652811007
2024-10-29 18:48:32.832099,47.52400414815911
2024-10-29 19:48:32.832099,54.05647666622685
2024-10-29 20:48:32.832099,42.826119005266484
2024-10-29 21:48:32.832099,46.62734870358905
2024-10-29 22:48:32.832099,51.18730242481685
2024-10-29 23:48:32.832099,53.791057871049134
2024-10-30 00:48:32.832099,54.76938465039223
2024-10-30 01:48:32.832099,40.41097082279039
2024-10-30 02:48:32.832099,51.63967705004795
2024-10-30 03:48:32.832099,49.57595507165827
2024-10-30 04:48:32.832099,58.63170248647853
2024-10-30 05:48:32.832099,54.53585353400983
2024-10-30 06:48:32.832099,53.48981560983699
2024-10-30 07:48:32.832099,49.24212186549457
2024-10-30 08:48:32.832099,55.62790464309005
2024-10-30 09:48:32.832099,47.36859129772276
2024-10-30 10:48:32.832099,57.37696453475611
2024-10-30 11:48:32.832099,48.12198294198417
2024-10-30 12:48:32.832099,57.209766658000454
2024-10-30 13:48:32.832099,62.400521335253366
2024-10-30 14:48:32.832099,59.49622251305359
2024-10-30 15:48:32.832099,47.95351778930315
2024-10-30 16:48:32.832099,58.98542973419341
2024-10-30 17:48:32.832099,58.31537259542764
2024-10-30 18:48:32.832099,61.882185199903844
2024-10-30 19:48:32.832099,39.2907387226973
2024-10-30 20:48:32.832099,53.81289989492001
2024-10-30 21:48:32.832099,54.847337937045516
2024-10-30 22:48:32.832099,56.68622606456951
2024-10-30 23:48:32.832099,50.38623823716955
2024-10-31 00:48:32.832099,58.913618787610254
2024-10-31 01:48:32.832099,49.96473673280236
2024-10-31 02:48:32.832099,61.078680879552
2024-10-31 03:48:32.832099,52.40659907442269
2024-10-31 04:48:32.832099,55.97056085438016
2024-10-31 05:48:32.832099,54.03931779172433
2024-10-31 06:48:32.832099,58.96072453058493
2024-10-31 07:48:32.832099,62.72949779427826
2024-10-31 08:48:32.832099,56.58905209057991
2024-10-31 09:48:32.832099,54.984664988531044
2024-10-31 10:48:32.832099,63.70246946020353
2024-10-31 11:48:32.832099,57.5484866014831
2024-10-31 12:48:32.832099,65.37143725547988
2024-10-31 13:48:32.832099,64.87618642402778
2024-10-31 14:48:32.832099,52.27352278947296
2024-10-31 15:48:32.832099,58.33728394167668
2024-10-31 16:48:32.832099,61.06076435155036
2024-10-31 17:48:32.832099,58.964007041303034
2024-10-31 18:48:32.832099,54.434611699093075
2024-10-31 19:48:32.832099,50.59964208570287
2024-10-31 20:48:32.832099,63.14532125211105
2024-10-31 21:48:32.832099,57.7792963850546
2024-10-31 22:48:32.832099,60.113983412222375
2024-10-31 23:48:32.832099,56.88602534168392
2024-11-01 00:48:32.832099,56.610801782017255
2024-11-01 01:48:32.832099,63.649089061152175
2024-11-01 02:48:32.832099,59.10726991201317
2024-11-01 03:48:32.832099,59.1966003332641
2024-11-01 04:48:32.832099,57.799344578260566
2024-11-01 05:48:32.832099,54.392595798747934
2024-11-01 06:48:32.832099,56.02791921880042
2024-11-01 07:48:32.832099,57.20929288476964
2024-11-01 08:48:32.832099,59.72213511950339
2024-11-01 09:48:32.832099,56.69113824279048
2024-11-01 10:48:32.832099,65.15755724732769
2024-11-01 11:48:32.832099,61.74134246828016
2024-11-01 12:48:32.832099,56.695742317486264
2024-11-01 13:48:32.832099,65.56511127258963
2024-11-01 14:48:32.832099,56.684808726665615
2024-11-01 15:48:32.832099,64.38455609426958
2024-11-01 16:48:32.832099,56.59534605763363
2024-11-01 17:48:32.832099,53.83064586978413
2024-11-01 18:48:32.832099,62.33755935816731
2024-11-01 19:48:32.832099,49.1657917489086
2024-11-01 20:48:32.832099,60.92573663506946
2024-11-01 21:48:32.832099,57.781432823276155
2024-11-01 22:48:32.832099,57.376786407354224
2024-11-01 23:48:32.832099,59.12635360626884
2024-11-02 00:48:32.832099,58.79137537957045
2024-11-02 01:48:32.832099,55.624043873699435
2024-11-02 02:48:32.832099,74.68034275021898
2024-11-02 03:48:32.832099,64.90283518958702
2024-11-02 04:48:32.832099,56.65153614636411
2024-11-02 05:48:32.832099,55.749967061502524
2024-11-02 06:48:32.832099,56.20702938218801
2024-11-02 07:48:32.832099,59.20961724869425
2024-11-02 08:48:32.832099,61.626520084156724
2024-11-02 09:48:32.832099,55.628997538598284
2024-11-02 10:48:32.832099,69.41560177922986
2024-11-02 11:48:32.832099,56.55718367299656
2024-11-02 12:48:32.832099,56.494861279204585
2024-11-02 13:48:32.832099,56.348215925890294
2024-11-02 14:48:32.832099,64.84198657599559
2024-11-02 15:48:32.832099,55.23472613405016
2024-11-02 16:48:32.832099,60.53656438606462
2024-11-02 17:48:32.832099,64.66831005336513
2024-11-02 18:48:32.832099,61.682710969942065
2024-11-02 19:48:32.832099,61.63337158300068
2024-11-02 20:48:32.832099,53.46014902313181
2024-11-02 21:48:32.832099,60.325152591873454
2024-11-02 22:48:32.832099,60.24853642837172
2024-11-02 23:48:32.832099,55.01769646875094
2024-11-03 00:48:32.832099,64.61746543883935
2024-11-03 01:48:32.832099,61.732753697504904
2024-11-03 02:48:32.832099,57.45201551715877
2024-11-03 03:48:32.832099,65.48922708252591
2024-11-03 04:48:32.832099,52.37001973976052
2024-11-03 05:48:32.832099,61.789546305040275
2024-11-03 06:48:32.832099,52.15529434470514
2024-11-03 07:48:32.832099,49.70709070646226
2024-11-03 08:48:32.832099,45.704135390435354
2024-11-03 09:48:32.832099,44.28288536284154
2024-11-03 10:48:32.832099,58.40793828973288
2024-11-03 11:48:32.832099,54.5287205639575
2024-11-03 12:48:32.832099,57.04238510538663
2024-11-03 13:48:32.832099,59.759159487079394
2024-11-03 14:48:32.832099,54.29597853654786
2024-11-03 15:48:32.832099,55.699309925470146
2024-11-03 16:48:32.832099,49.52927320527753
2024-11-03 17:48:32.832099,61.97049972517286
2024-11-03 18:48:32.832099,51.38709936910432
2024-11-03 19:48:32.832099,49.41371450235167
2024-11-03 20:48:32.832099,61.55611466392833
2024-11-03 21:48:32.832099,51.97682661695485
2024-11-03 22:48:32.832099,57.154912263676245
2024-11-03 23:48:32.832099,51.83069105797299
2024-11-04 00:48:32.832099,57.665323100219865
2024-11-04 01:48:32.832099,50.469817072400176
2024-11-04 02:48:32.832099,51.17652011038614
2024-11-04 03:48:32.832099,60.02702309035645
2024-11-04 04:48:32.832099,51.84679349672151
2024-11-04 05:48:32.832099,53.83001514956858
2024-11-04 06:48:32.832099,57.25440664096709
2024-11-04 07:48:32.832099,44.68672447044018
2024-11-04 08:48:32.832099,53.39339312474306
2024-11-04 09:48:32.832099,48.88900908548276
2024-11-04 10:48:32.832099,57.35962148346477
2024-11-04 11:48:32.832099,47.46946741509965
2024-11-04 12:48:32.832099,55.45932230813553
2024-11-04 13:48:32.832099,46.259606487081776
2024-11-04 14:48:32.832099,54.69951179335175
2024-11-04 15:48:32.832099,51.280029696633875
2024-11-04 16:48:32.832099,52.41038706098194
2024-11-04 17:48:32.832099,49.2962256326397
2024-11-04 18:48:32.832099,48.39687703457918
2024-11-04 19:48:32.832099,53.68005339360896
2024-11-04 20:48:32.832099,52.320906457992656
2024-11-04 21:48:32.832099,54.25852603706472
2024-11-04 22:48:32.832099,49.88138957189901
2024-11-04 23:48:32.832099,40.00546351315297
2024-11-05 00:48:32.832099,41.720346228264354
2024-11-05 01:48:32.832099,52.26877557917005
2024-11-05 02:48:32.832099,34.347036496571455
2024-11-05 03:48:32.832099,48.644395640549824
2024-11-05 04:48:32.832099,44.852950036146574
2024-11-05 05:48:32.832099,51.027031386671304
2024-11-05 06:48:32.832099,51.012457320258555
2024-11-05 07:48:32.832099,45.42504135288708
2024-11-05 08:48:32.832099,51.715244117303605
2024-11-05 09:48:32.832099,43.15432184951499
2024-11-05 10:48:32.832099,51.42870533454314
2024-11-05 11:48:32.832099,46.1041158679018
2024-11-05 12:48:32.832099,52.20609468376853
2024-11-05 13:48:32.832099,46.38084589547469
2024-11-05 14:48:32.832099,40.85957507599688
2024-11-05 15:48:32.832099,47.13935279003663
2024-11-05 16:48:32.832099,48.95186443157812
2024-11-05 17:48:32.832099,48.222430735381494
2024-11-05 18:48:32.832099,39.001349476088464
2024-11-05 19:48:32.832099,36.13315612935653
2024-11-05 20:48:32.832099,41.24771304771185
2024-11-05 21:48:32.832099,41.82755854007906
2024-11-05 22:48:32.832099,38.78332235693058
2024-11-05 23:48:32.832099,41.88141757833007
2024-11-06 00:48:32.832099,42.42554001508483
2024-11-06 01:48:32.832099,45.681061333183976
2024-11-06 02:48:32.832099,42.004148925397
2024-11-06 03:48:32.832099,41.64611487079885
2024-11-06 04:48:32.832099,37.66027999739764
2024-11-06 05:48:32.832099,44.732265849300404
2024-11-06 06:48:32.832099,41.85731114836687
2024-11-06 07:48:32.832099,35.360985556263046
2024-11-06 08:48:32.832099,33.25187113642308
2024-11-06 09:48:32.832099,48.670591637709734
2024-11-06 10:48:32.832099,45.072541150404405
2024-11-06 11:48:32.832099,36.279581200875526
2024-11-06 12:48:32.832099,45.426463100732605
2024-11-06 13:48:32.832099,37.13066120991499
2024-11-06 14:48:32.832099,42.57332372824216
2024-11-06 15:48:32.832099,42.96246714642842
2024-11-06 16:48:32.832099,34.41009526097642
2024-11-06 17:48:32.832099,43.46117191658811
2024-11-06 18:48:32.832099,40.5015137265374
2024-11-06 19:48:32.832099,40.78602942454049
2024-11-06 20:48:32.832099,34.16173878134195
2024-11-06 21:48:32.832099,36.82050367082507
2024-11-06 22:48:32.832099,36.00022693769829
2024-11-06 23:48:32.832099,36.439907521865884
2024-11-07 00:48:32.832099,36.17842433133094
2024-11-07 01:48:32.832099,36.09814539834229
2024-11-07 02:48:32.832099,39.960022747891216
2024-11-07 03:48:32.832099,29.48016148128611
2024-11-07 04:48:32.832099,32.560113659023365
2024-11-07 05:48:32.832099,39.449033899500385
2024-11-07 06:48:32.832099,34.28051298732767
2024-11-07 07:48:32.832099,34.86185371316721
2024-11-07 08:48:32.832099,35.78921184981425
2024-11-07 09:48:32.832099,34.98120172716008
2024-11-07 10:48:32.832099,31.920881691410315
2024-11-07 11:48:32.832099,31.204862133150286
2024-11-07 12:48:32.832099,38.257319277868
2024-11-07 13:48:32.832099,26.0604728566474
2024-11-07 14:48:32.832099,40.88742421522017
2024-11-07 15:48:32.832099,28.39712282774539
2024-11-07 16:48:32.832099,30.672796411241066
2024-11-07 17:48:32.832099,27.79332844743785
2024-11-07 18:48:32.832099,41.20096624732737
2024-11-07 19:48:32.832099,32.59005299174648
2024-11-07 20:48:32.832099,32.29281121405829
2024-11-07 21:48:32.832099,36.16460686627312
2024-11-07 22:48:32.832099,35.72171934305543
2024-11-07 23:48:32.832099,26.576668408715967
2024-11-08 00:48:32.832099,29.697809740871026
2024-11-08 01:48:32.832099,33.12883046788849
2024-11-08 02:48:32.832099,35.376516583679
2024-11-08 03:48:32.832099,29.776549491314928
2024-11-08 04:48:32.832099,29.955151677371518
2024-11-08 05:48:32.832099,25.530953383422307
2024-11-08 06:48:32.832099,14.178335778151169
2024-11-08 07:48:32.832099,35.42619021142315
2024-11-08 08:48:32.832099,30.556563347487398
2024-11-08 09:48:32.832099,25.064268239145946
2024-11-08 10:48:32.832099,27.02403374158733
2024-11-08 11:48:32.832099,32.00795698628874
2024-11-08 12:48:32.832099,28.042221067176225
2024-11-08 13:48:32.832099,29.68382451763728
2024-11-08 14:48:32.832099,24.399457666411827
2024-11-08 15:48:32.832099,34.350256862774586
2024-11-08 16:48:32.832099,35.30287027962197
2024-11-08 17:48:32.832099,30.68137255653223
2024-11-08 18:48:32.832099,21.726456184576556
2024-11-08 19:48:32.832099,36.335543955754005
2024-11-08 20:48:32.832099,29.649438445650766
2024-11-08 21:48:32.832099,29.839741625053435
2024-11-08 22:48:32.832099,27.024505792692533
2024-11-08 23:48:32.832099,27.851772042717105
2024-11-09 00:48:32.832099,31.359640483631566
2024-11-09 01:48:32.832099,24.145775912299968
2024-11-09 02:48:32.832099,23.415760522229952
2024-11-09 03:48:32.832099,32.385266198891706
2024-11-09 04:48:32.832099,24.47719241064148
2024-11-09 05:48:32.832099,29.474877119818483
2024-11-09 06:48:32.832099,24.47336274575935
2024-11-09 07:48:32.832099,31.43942766629366
2024-11-09 08:48:32.832099,16.95629873383819
2024-11-09 09:48:32.832099,28.18900561741121
2024-11-09 10:48:32.832099,23.89489119365437
2024-11-09 11:48:32.832099,23.441887160528374
2024-11-09 12:48:32.832099,20.42243431407613
2024-11-09 13:48:32.832099,22.768245127098986
2024-11-09 14:48:32.832099,19.948030087367783
2024-11-09 15:48:32.832099,25.959440695452383
2024-11-09 16:48:32.832099,25.799846806463897
2024-11-09 17:48:32.832099,21.180769440544466
2024-11-09 18:48:32.832099,17.22085848764918
2024-11-09 19:48:32.832099,23.69423543098839
2024-11-09 20:48:32.832099,23.722399147544223
2024-11-09 21:48:32.832099,28.240732523948296
2024-11-09 22:48:32.832099,22.789751413489473
2024-11-09 23:48:32.832099,29.091969394779824
2024-11-10 00:48:32.832099,22.170317620517604
2024-11-10 01:48:32.832099,15.471037776181939
2024-11-10 02:48:32.832099,25.77374418537416
2024-11-10 03:48:32.832099,28.61143950769925
2024-11-10 04:48:32.832099,21.6410607581129
2024-11-10 05:48:32.832099,22.910744185473813
2024-11-10 06:48:32.832099,21.332875896626987
2024-11-10 07:48:32.832099,20.12752762195022
2024-11-10 08:48:32.832099,19.06791166626098
2024-11-10 09:48:32.832099,20.200891802711837
2024-11-10 10:48:32.832099,28.688096287444296
2024-11-10 11:48:32.832099,19.015205367878302
2024-11-10 12:48:32.832099,10.797766553841855
2024-11-10 13:48:32.832099,22.561074403053976
2024-11-10 14:48:32.832099,22.92370699210314
2024-11-10 15:48:32.832099,17.610097533429247
2024-11-10 16:48:32.832099,21.40891681622369
2024-11-10 17:48:32.832099,21.312629494535084
2024-11-10 18:48:32.832099,16.017449194330858
2024-11-10 19:48:32.832099,17.927679532602134
2024-11-10 20:48:32.832099,23.325023000375655
2024-11-10 21:48:32.832099,18.43511275577976
2024-11-10 22:48:32.832099,15.939728470147367
2024-11-10 23:48:32.832099,23.301408566586268
2024-11-11 00:48:32.832099,16.961985824483108
2024-11-11 01:48:32.832099,29.32429664407968
2024-11-11 02:48:32.832099,25.160267721052215
2024-11-11 03:48:32.832099,12.0350287035075
2024-11-11 04:48:32.832099,27.92289196496271
2024-11-11 05:48:32.832099,10.895937463206725
2024-11-11 06:48:32.832099,9.613270927035922
2024-11-11 07:48:32.832099,22.403158106519665
2024-11-11 08:48:32.832099,35.05287717616956
2024-11-11 09:48:32.832099,24.19062057794031
2024-11-11 10:48:32.832099,32.2914353548133
2024-11-11 11:48:32.832099,15.650123191945841
2024-11-11 12:48:32.832099,22.568020230108967
2024-11-11 13:48:32.832099,24.42395142516891
2024-11-11 14:48:32.832099,20.533912394902654
2024-11-11 15:48:32.832099,18.097573263966222
2024-11-11 16:48:32.832099,22.356004358436955
2024-11-11 17:48:32.832099,16.512425328516716
2024-11-11 18:48:32.832099,21.97314525535275
2024-11-11 19:48:32.832099,16.960745431002962
2024-11-11 20:48:32.832099,15.64388545014944
2024-11-11 21:48:32.832099,28.491003782061274
2024-11-11 22:48:32.832099,16.13998865238561
2024-11-11 23:48:32.832099,12.082945137983499
2024-11-12 00:48:32.832099,30.486126513675817
2024-11-12 01:48:32.832099,23.265133945676443
2024-11-12 02:48:32.832099,21.920718670665305
2024-11-12 03:48:32.832099,21.60730488306233
2024-11-12 04:48:32.832099,18.950707108818012
2024-11-12 05:48:32.832099,17.223443239872115
2024-11-12 06:48:32.832099,22.17382373883545
2024-11-12 07:48:32.832099,8.224155252038909
2024-11-12 08:48:32.832099,23.106087462018774
2024-11-12 09:48:32.832099,9.705094162981982
2024-11-12 10:48:32.832099,23.446715597891462
2024-11-12 11:48:32.832099,21.233776955841755
2024-11-12 12:48:32.832099,16.957935895472325
2024-11-12 13:48:32.832099,16.796764774147864
2024-11-12 14:48:32.832099,21.545722964496374
2024-11-12 15:48:32.832099,17.993749891977444
2024-11-12 16:48:32.832099,16.42243170903254
2024-11-12 17:48:32.832099,19.78450365219239
2024-11-12 18:48:32.832099,32.555419136648204
2024-11-12 19:48:32.832099,16.00719012974044
2024-11-12 20:48:32.832099,13.153459412347509
2024-11-12 21:48:32.832099,20.474694830374773
2024-11-12 22:48:32.832099,24.05283449937042
2024-11-12 23:48:32.832099,18.66815451430757
2024-11-13 00:48:32.832099,18.21875310392074
2024-11-13 01:48:32.832099,19.969938443004022
2024-11-13 02:48:32.832099,16.294435282766507
2024-11-13 03:48:32.832099,10.603565270847376
2024-11-13 04:48:32.832099,25.672046381120154
2024-11-13 05:48:32.832099,24.931560396379847
2024-11-13 06:48:32.832099,16.609590472725934
2024-11-13 07:48:32.832099,21.73935216213573
2024-11-13 08:48:32.832099,26.51392994285716
2024-11-13 09:48:32.832099,20.97268823828167
2024-11-13 10:48:32.832099,25.78098971563067
2024-11-13 11:48:32.832099,20.725651425532888
2024-11-13 12:48:32.832099,15.496937457890699
2024-11-13 13:48:32.832099,13.78543826618531
2024-11-13 14:48:32.832099,14.297932127008048
2024-11-13 15:48:32.832099,26.06313190418611
2024-11-13 16:48:32.832099,24.32145108348847
2024-11-13 17:48:32.832099,23.352104524359625
2024-11-13 18:48:32.832099,21.025831041027885
2024-11-13 19:48:32.832099,22.79097426014554
2024-11-13 20:48:32.832099,26.41428104857882
2024-11-13 21:48:32.832099,17.53312602437123
2024-11-13 22:48:32.832099,25.803644701458886
2024-11-13 23:48:32.832099,27.30239431310548
2024-11-14 00:48:32.832099,23.279723239718255
2024-11-14 01:48:32.832099,30.60680903760947
2024-11-14 02:48:32.832099,27.273912021489934
2024-11-14 03:48:32.832099,14.980692273717816
2024-11-14 04:48:32.832099,29.430667779494584
2024-11-14 05:48:32.832099,35.89947197285248
2024-11-14 06:48:32.832099,18.825669345808752
2024-11-14 07:48:32.832099,27.199247940114617
2024-11-14 08:48:32.832099,23.259482353347828
2024-11-14 09:48:32.832099,20.288957821289976
2024-11-14 10:48:32.832099,32.86932442111313
2024-11-14 11:48:32.832099,27.90083854870185
2024-11-14 12:48:32.832099,21.639010408037574
2024-11-14 13:48:32.832099,32.727779423176194
2024-11-14 14:48:32.832099,31.541208978295007
2024-11-14 15:48:32.832099,19.932778931338277
2024-11-14 16:48:32.832099,27.170127035330097
2024-11-14 17:48:32.832099,25.832645923924517
2024-11-14 18:48:32.832099,28.694205388683756
2024-11-14 19:48:32.832099,17.27786119188031
2024-11-14 20:48:32.832099,26.854389885876554
2024-11-14 21:48:32.832099,26.310745024357924
2024-11-14 22:48:32.832099,21.429799795874704
2024-11-14 23:48:32.832099,24.781564184284186
2024-11-15 00:48:32.832099,36.98147194092502
2024-11-15 01:48:32.832099,25.856650604512627
2024-11-15 02:48:32.832099,32.53297005852628
2024-11-15 03:48:32.832099,40.96590995891955
2024-11-15 04:48:32.832099,27.601584171896548
2024-11-15 05:48:32.832099,30.937705600970414
2024-11-15 06:48:32.832099,29.363882499467028
2024-11-15 07:48:32.832099,20.98121407000275
2024-11-15 08:48:32.832099,18.00526525231303
2024-11-15 09:48:32.832099,35.2692847008153
2024-11-15 10:48:32.832099,31.12731542026984
2024-11-15 11:48:32.832099,21.638343621905193
2024-11-15 12:48:32.832099,33.86149283495073
2024-11-15 13:48:32.832099,34.36322949642317
2024-11-15 14:48:32.832099,26.19228704244506
2024-11-15 15:48:32.832099,30.61779019213159
2024-11-15 16:48:32.832099,26.934641153459175
2024-11-15 17:48:32.832099,28.917734850039743
2024-11-15 18:48:32.832099,34.52675926716805
2024-11-15 19:48:32.832099,34.50834110132398
2024-11-15 20:48:32.832099,43.20654447699228
2024-11-15 21:48:32.832099,34.7326175816805
2024-11-15 22:48:32.832099,26.54317335554603
2024-11-15 23:48:32.832099,38.4165565692243
2024-11-16 00:48:32.832099,26.061203495846947
2024-11-16 01:48:32.832099,34.20058608439962
2024-11-16 02:48:32.832099,35.84825179503746
2024-11-16 03:48:32.832099,33.55175442413407
2024-11-16 04:48:32.832099,33.28726290894803
2024-11-16 05:48:32.832099,25.190953890899795
2024-11-16 06:48:32.832099,31.483585575310194
2024-11-16 07:48:32.832099,38.27775412387948
2024-11-16 08:48:32.832099,36.4018474198965
2024-11-16 09:48:32.832099,24.622870187338297
2024-11-16 10:48:32.832099,38.525714970034684
2024-11-16 11:48:32.832099,48.6711559975148
2024-11-16 12:48:32.832099,35.77210940877156
2024-11-16 13:48:32.832099,34.946077521919925
2024-11-16 14:48:32.832099,40.74499684589922
2024-11-16 15:48:32.832099,33.42694542434118
2024-11-16 16:48:32.832099,42.24898954950622
2024-11-16 17:48:32.832099,31.196388070080747
2024-11-16 18:48:32.832099,43.25033093364263
2024-11-16 19:48:32.832099,29.331574538535058
2024-11-16 20:48:32.832099,41.09490946361726
2024-11-16 21:48:32.832099,30.93020643702216
2024-11-16 22:48:32.832099,39.09229996914987
2024-11-16 23:48:32.832099,35.743450572865335
2024-11-17 00:48:32.832099,38.528705527431164
2024-11-17 01:48:32.832099,34.89442452206849
